<key>UIBackgroundModes</key>
<array>
    <string>audio</string> <!-- PIP voice -->
    <string>background-processing</string> <!-- chain guard -->
</array>

<key>NSMicrophoneUsageDescription</key>
<string>Dictation in. Chain out. Never sent.</string>

<key>NSSpeechRecognitionUsageDescription</key>
<string>Voice commands. Verified local. No cloud.</string>

<key>NSBluetoothAlwaysUsageDescription</key>
<string>AirPlay PIP only. Chain-locked.</string>

<key>NSAppTransportSecurity</key>
<dict>
    <key>NSAllowsArbitraryLoads</key>
    <false/>
    <key>NSExceptionDomains</key>
    <dict>
        <key>localhost</key>
        <dict>
            <key>NSExceptionAllowsInsecureHTTPLoads</key>
            <true/>
        </dict>
    </dict>
</dict>
